{"0.9220949653656076":{"user_id":7},"0.5857629787819278":{"user_id":7},"0.4667867645327428":{"user_id":7},"0.37524120323597265":{"user_id":7},"0.2918228255622721":{"user_id":7},"0.847645204647939":{"user_id":7},"0.8241874327150245":{"user_id":7},"0.22166836280452573":{"user_id":7}}